repo,issue_number,pr_number,issue_title,pr_title,drift_score,drift_quartile,phase3_drift_bucket,semantic_high_drift_probability,semantic_predicted_bucket,issue_url,pr_url
python/cpython,149122,149138,Segfault with async generator expressions,gh-149122: Fix segfault in compiler when certain builtin functions are passed a coroutine as arg,-1.8502357140458476,Q1 lowest drift,low_drift,0.3623474927819157,potential_low_drift,https://github.com/python/cpython/issues/149122,https://github.com/python/cpython/pull/149138
python/cpython,144538,144556,Update bundled pip to 26.0.1,gh-144538: Upgrade bundled pip to 26.0.1,-1.6530559432153735,Q1 lowest drift,low_drift,0.42800791879732253,potential_low_drift,https://github.com/python/cpython/issues/144538,https://github.com/python/cpython/pull/144556
python/cpython,135528,135820,Support more second-level domain names in http.cookiejar,gh-135528: Support more second-level domain names in http.cookiejar,0.0680624941012754,Q3,middle,0.6108239447078124,potential_high_drift,https://github.com/python/cpython/issues/135528,https://github.com/python/cpython/pull/135820
python/cpython,133346,133347,Theming support for _colorize,gh-133346: Make theming support in _colorize extensible,0.2986651706243911,Q3,middle,0.6555187344542541,potential_high_drift,https://github.com/python/cpython/issues/133346,https://github.com/python/cpython/pull/133347
python/cpython,140287,140288,The asyncio REPL interactive daemon thread doesn't handle `PYTHONSTARTUP` exceptions,gh-140287: Handle `PYTHONSTARTUP` script exceptions in the asyncio REPL,0.9584078120751452,Q4 highest drift,high_drift,0.5705962873937114,potential_high_drift,https://github.com/python/cpython/issues/140287,https://github.com/python/cpython/pull/140288
python/cpython,148829,148831,Implement PEP 661 Sentinel Values,gh-148829: Implement PEP 661,2.270165809689351,Q4 highest drift,high_drift,0.6638984228225392,potential_high_drift,https://github.com/python/cpython/issues/148829,https://github.com/python/cpython/pull/148831
python/cpython,145278,145279,Freeze modules used during startup,GH-145278: freeze encodings (partially) and linecache,0.59607530857696,Q3,middle,0.4785664394877586,potential_low_drift,https://github.com/python/cpython/issues/145278,https://github.com/python/cpython/pull/145279
python/cpython,149119,149120,`sentinel`: subclassing restriction not documented,gh-149119: docs: mention that sentinel does not support subclassing,-0.0089950130119982,Q3,middle,0.6469233442353584,potential_high_drift,https://github.com/python/cpython/issues/149119,https://github.com/python/cpython/pull/149120
python/cpython,126703,126865,"Use freelist for range object, iterator objects and other often used objects",gh-126868: Add freelist for compact int objects,2.2082475869032603,Q4 highest drift,high_drift,0.6427806047932539,potential_high_drift,https://github.com/python/cpython/issues/126703,https://github.com/python/cpython/pull/126865
python/cpython,107956,108033,Install a static installation description file as part of the Python installation,Improve the feature-proposal issue form,-0.8931600593827398,Q2,middle,0.578035529747803,potential_high_drift,https://github.com/python/cpython/issues/107956,https://github.com/python/cpython/pull/108033
python/cpython,148680,148682,annotationlib - evaluating forward references in STRING format can 'leak' internal names,gh-148680: Replace internal names with type_reprs of objects in string representations of ForwardRef,-0.3826638796858697,Q2,middle,0.603476351453875,potential_high_drift,https://github.com/python/cpython/issues/148680,https://github.com/python/cpython/pull/148682
python/cpython,137969,138075,annotationlib: `ref.evaluate(format=Format.FORWARDREF)` returns a ForwardRef with a copied `__globals__` that no longer updates,gh-137969: Fix evaluation of `ref.evaluate(format=Format.FORWARDREF)` objects,0.7784280939109973,Q4 highest drift,high_drift,0.6103181348013706,potential_high_drift,https://github.com/python/cpython/issues/137969,https://github.com/python/cpython/pull/138075
python/cpython,138764,138803,annotationlib - `call_annotate_function` should check `VALUE_WITH_FAKE_GLOBALS` is implemented before calling in a namespace with empty fake globals,gh-138764: annotationlib - Make `call_annotate_function` fallback to using `VALUE` annotations if both the requested format and `VALUE_WITH_FAKE_GLOBALS` are not implemented,0.6740412627876513,Q3,middle,0.5411405369027007,potential_high_drift,https://github.com/python/cpython/issues/138764,https://github.com/python/cpython/pull/138803
python/cpython,148618,148730,Crash (Sigsev) in JIT optimizer `_GUARD_LOAD_SUPER_ATTR_METHOD`,gh-148571: [JIT] Preserve family-head recorder layouts for specialized opcode families,-0.8962343201971229,Q1 lowest drift,low_drift,0.42024594658187103,potential_low_drift,https://github.com/python/cpython/issues/148618,https://github.com/python/cpython/pull/148730
python/cpython,148571,148730,JIT: stale `recorded_values` leak when specialized op deopts,gh-148571: [JIT] Preserve family-head recorder layouts for specialized opcode families,1.115373217444399,Q4 highest drift,high_drift,0.5381383575258011,potential_high_drift,https://github.com/python/cpython/issues/148571,https://github.com/python/cpython/pull/148730
python/cpython,83065,137196,__import__ is not thread-safe on Python 3,GH-83065: Fix import deadlock by implementing hierarchical module locking,-1.3291796267965452,Q1 lowest drift,low_drift,0.426935679159232,potential_low_drift,https://github.com/python/cpython/issues/83065,https://github.com/python/cpython/pull/137196
python/cpython,137897,137608,Deprecate the `-R` option,gh-89905: Correct `-R` option doc,0.7761275543718815,Q4 highest drift,high_drift,0.6193628554143085,potential_high_drift,https://github.com/python/cpython/issues/137897,https://github.com/python/cpython/pull/137608
python/cpython,125862,136212,Improve `contextlib.ContextDecorator` support for generators and async functions,gh-125862: Context decorator support for generators and async functions,1.6466183475276537,Q4 highest drift,high_drift,0.6226014565894655,potential_high_drift,https://github.com/python/cpython/issues/125862,https://github.com/python/cpython/pull/136212
python/cpython,149035,149036,Modernize legacy Python patterns and outdated syntax in documentation,gh-149035: Modernize legacy Python patterns in `Doc/tutorial/stdlib2.rst`,0.416560693774911,Q3,middle,0.6519037268618808,potential_high_drift,https://github.com/python/cpython/issues/149035,https://github.com/python/cpython/pull/149036
python/cpython,137600,137601,Promote `ast` node constructor deprecation warnings to errors,gh-137600: Promote `ast` node constructor deprecation warnings to errors,2.0100984369450647,Q4 highest drift,high_drift,0.5916263644764019,potential_high_drift,https://github.com/python/cpython/issues/137600,https://github.com/python/cpython/pull/137601
python/cpython,148868,148869,Add additional tests for isinf() function in cmath library,gh-148868: Increase test coverage for `cmath.isinf`,-0.7704834565315948,Q2,middle,0.5928145922712273,potential_high_drift,https://github.com/python/cpython/issues/148868,https://github.com/python/cpython/pull/148869
python/cpython,108951,123837,Add an `asyncio.TaskGroup.cancel` method,gh-108951: document how to terminate an `asyncio.TaskGroup`,1.954014649316091,Q4 highest drift,high_drift,0.6758701392526073,potential_high_drift,https://github.com/python/cpython/issues/108951,https://github.com/python/cpython/pull/123837
python/cpython,148991,148992,Add colour to `tokenize` CLI output,gh-148991: Add colour to `tokenize` CLI output,3.3860311461484427,Q4 highest drift,high_drift,0.7354820759410134,potential_high_drift,https://github.com/python/cpython/issues/148991,https://github.com/python/cpython/pull/148992
python/cpython,148588,148590,Document `__lazy_modules__`,gh-148588: Document `__lazy_modules__`,2.4747039978825205,Q4 highest drift,high_drift,0.6862780089019402,potential_high_drift,https://github.com/python/cpython/issues/148588,https://github.com/python/cpython/pull/148590
python/cpython,146455,146456,Performance regression: O(N²) compile time for large constant tuples after const folding moved to CFG,gh-146455: Fix O(N²) in add_const() after constant folding moved to CFG,-1.6633362329450485,Q1 lowest drift,low_drift,0.48240469053866225,potential_low_drift,https://github.com/python/cpython/issues/146455,https://github.com/python/cpython/pull/146456
python/cpython,60191,19211,Provide a way to compare AST nodes for equality recursively,gh-60191: Implement ast.compare,0.0895279100910296,Q3,middle,0.7030044645423398,potential_high_drift,https://github.com/python/cpython/issues/60191,https://github.com/python/cpython/pull/19211
python/cpython,148981,148982,Add colour to `ast.dump` output,gh-148981: Add color to `ast.dump`,2.685642426288183,Q4 highest drift,high_drift,0.7304354120106907,potential_high_drift,https://github.com/python/cpython/issues/148981,https://github.com/python/cpython/pull/148982
python/cpython,105936,144021,dataclasses: frozen dataclasses with slots' `__setattr__` and `__delattr__` does not work.,gh-105936: Properly update closure cells for `__setattr__` and `__delattr__` in frozen dataclasses with slots,-1.5228859709862854,Q1 lowest drift,low_drift,0.397549257974226,potential_low_drift,https://github.com/python/cpython/issues/105936,https://github.com/python/cpython/pull/144021
python/cpython,141473,141477,subprocess.Popen.communicate does not send input,gh-141473: Fix subprocess.Popen.communicate to send input to stdin upon a subsequent post-timeout call,-1.012577987055773,Q1 lowest drift,low_drift,0.4498940962780725,potential_low_drift,https://github.com/python/cpython/issues/141473,https://github.com/python/cpython/pull/141477
python/cpython,146311,146312,binascii base64 & base32 decode ignore excess padding bits in their input,"gh-146311: Reject non-canonical padding bits in base32, 64, & 85 decoding",0.0239319388848227,Q3,middle,0.4440721122306659,potential_low_drift,https://github.com/python/cpython/issues/146311,https://github.com/python/cpython/pull/146312
python/cpython,148989,148990,"`_remote_debugging`: dead code, unnecessary gc state read","gh-148989: `_remote_debugging`: Remove dead code, unnecessary gc state read",-1.0045191466906038,Q1 lowest drift,low_drift,0.5588621087430687,potential_high_drift,https://github.com/python/cpython/issues/148989,https://github.com/python/cpython/pull/148990
python/cpython,148973,148974,_testinternalcapi: optimize_cfg / compiler_codegen const table mismatches cause crashes,gh-148973: fix segfault on mismatch between consts size and oparg in compiler,-1.419849861451347,Q1 lowest drift,low_drift,0.39011531372152636,potential_low_drift,https://github.com/python/cpython/issues/148973,https://github.com/python/cpython/pull/148974
python/cpython,148947,148476,dataclass(slots=True) fails if method has an empty `__class__` cell,[3.13] gh-105936: Properly update closure cells for __setattr__ and __delattr__ in frozen dataclasses with slots (GH-144021),-0.7365031940717522,Q2,middle,0.5043241454219336,potential_high_drift,https://github.com/python/cpython/issues/148947,https://github.com/python/cpython/pull/148476
python/cpython,134690,134691,Remove deprecated `co_lnotab` from `CodeType`,gh-134690: Removed deprecated `codetype.co_lnotab`,1.3065217309962889,Q4 highest drift,high_drift,0.6427087936044624,potential_high_drift,https://github.com/python/cpython/issues/134690,https://github.com/python/cpython/pull/134691
python/cpython,145105,145106,`_csv.reader`: NULL deref via re-entrant iterator,gh-145105: Fix crash in csv.reader with re-entrant iterator,-2.5012534544146727,Q1 lowest drift,low_drift,0.3554747366171826,potential_low_drift,https://github.com/python/cpython/issues/145105,https://github.com/python/cpython/pull/145106
python/cpython,148735,148738,UAF in `Element.findtext()` when tag `__eq__` mutates parent,gh-148735: Fix a UAF in `Element.findtext()`,-1.8307176085341648,Q1 lowest drift,low_drift,0.46337020922645067,potential_low_drift,https://github.com/python/cpython/issues/148735,https://github.com/python/cpython/pull/148738
python/cpython,148252,148253,_remote_debugging: prevent 32-bit integer overflow when decoding stack data from .pyb files,gh-148252: Fix stack depth calculation in binary reader on 32-bit platforms,-0.3739911780605961,Q2,middle,0.48290598821265845,potential_low_drift,https://github.com/python/cpython/issues/148252,https://github.com/python/cpython/pull/148253
python/cpython,145239,148566,Specialize `match` syntax error for unary addition in pattern,gh-145239: Accept unary plus literal pattern,1.7713585749160177,Q4 highest drift,high_drift,0.5876137129628896,potential_high_drift,https://github.com/python/cpython/issues/145239,https://github.com/python/cpython/pull/148566
python/cpython,140727,142373,Document new profiling package and restructure the profiler docs according to PEP 799,gh-140727: Restructure profiling documentation for PEP 799,2.699617613914656,Q4 highest drift,high_drift,0.601632026542344,potential_high_drift,https://github.com/python/cpython/issues/140727,https://github.com/python/cpython/pull/142373
python/cpython,135228,136893,3.14 regression: slot dataclasses classes leak original class,"gh-135228: When @dataclass(slots=True) replaces a dataclass, make the original class collectible",0.2759585450990469,Q3,middle,0.486863229356656,potential_low_drift,https://github.com/python/cpython/issues/135228,https://github.com/python/cpython/pull/136893
python/cpython,141370,141439,Undefined behavior in `Py_ABS()` macro with `LLONG_MIN`,gh-141370: document undefined behavior of Py_ABS(),0.7761275543718815,Q4 highest drift,high_drift,0.5705678661507239,potential_high_drift,https://github.com/python/cpython/issues/141370,https://github.com/python/cpython/pull/141439
python/cpython,148883,148882,Docs: grammar in Counter dictionary methods note is slightly unclear,gh-148883: Docs: clarify grammar in Counter dictionary methods note,-0.0089950130119982,Q3,middle,0.6237498330405402,potential_high_drift,https://github.com/python/cpython/issues/148883,https://github.com/python/cpython/pull/148882
python/cpython,132631,132632,"JSON CLI: I/O operation on closed file"" when parsing JSON Lines file","gh-132631: Fix ""I/O operation on closed file"" when parsing JSON Lines file",0.1101327984231875,Q3,middle,0.5622680309575999,potential_high_drift,https://github.com/python/cpython/issues/132631,https://github.com/python/cpython/pull/132632
python/cpython,113956,148886,`_Py_SetImmortal` must be run on allocating thread (no-gil),gh-113956: Make intern_common thread-safe in free-threaded build,-0.8595998524045685,Q2,middle,0.5031241609691381,potential_high_drift,https://github.com/python/cpython/issues/113956,https://github.com/python/cpython/pull/148886
python/cpython,148484,148523,incomplete fix for memory leak in array.array,gh-148484: Fix memory leak of iterator in array.array constructor,-1.7291516708816657,Q1 lowest drift,low_drift,0.4349442610380434,potential_low_drift,https://github.com/python/cpython/issues/148484,https://github.com/python/cpython/pull/148523
python/cpython,148464,148485,"`__ctype_{be,le}__` attributes missing for `ctypes.c_*_complex` types",gh-148464: Add missing ``__ctype_le/be__`` attributes for complex types in the ctype module,1.2971769487296936,Q4 highest drift,high_drift,0.541361810630598,potential_high_drift,https://github.com/python/cpython/issues/148464,https://github.com/python/cpython/pull/148485
python/cpython,148907,145925,performance regression in `PyType_GetModuleByDef` on free-threaded build,"gh-145921: Add ""_DuringGC"" functions for tp_traverse",2.253464468510143,Q4 highest drift,high_drift,0.4791809626493701,potential_low_drift,https://github.com/python/cpython/issues/148907,https://github.com/python/cpython/pull/145925
python/cpython,148267,148302,"PEP 803: `Py_GIL_DISABLED` is tested prior to setting, in `patchlevel.h`","gh-146636: Improve ABI/feature selection, add new header for it",-0.3009704602032316,Q2,middle,0.5143962188632794,potential_high_drift,https://github.com/python/cpython/issues/148267,https://github.com/python/cpython/pull/148302
python/cpython,148892,148893,Docs: free-threaded extension guide refers to deprecated cibuildwheel option,gh-148892: Drop mention of deprecated cibuildwheel option,0.9079779231493672,Q4 highest drift,high_drift,0.6237945692087443,potential_high_drift,https://github.com/python/cpython/issues/148892,https://github.com/python/cpython/pull/148893
python/cpython,148207,148212,add variance support to `TypeVarTuple`,gh-148207: add additional keywords to `typing.TypeVarTuple`,2.2143854921181614,Q4 highest drift,high_drift,0.6626624017996225,potential_high_drift,https://github.com/python/cpython/issues/148207,https://github.com/python/cpython/pull/148212
python/cpython,119180,119209,Implement PEP 649 and PEP 749,gh-119180: PEP 649: Add __annotate__ attributes,1.90473820828322,Q4 highest drift,high_drift,0.6559549629181476,potential_high_drift,https://github.com/python/cpython/issues/119180,https://github.com/python/cpython/pull/119209
python/cpython,142965,143316,Incorrect docs for `typing.Concatenate`,gh-142965: Fix Concatenate documentation to reflect valid use cases,-0.6149989638898261,Q2,middle,0.5918202093483951,potential_high_drift,https://github.com/python/cpython/issues/142965,https://github.com/python/cpython/pull/143316
python/cpython,145194,145198,"The ""re"" library's demonstration of writing a tokenizer has wrong typing",gh-145194: Fix typing in re tokenizer example,-0.6795308588925055,Q2,middle,0.6009539098673811,potential_high_drift,https://github.com/python/cpython/issues/145194,https://github.com/python/cpython/pull/145198
python/cpython,148186,148463,"Docs: problem with page ""unittest — Unit testing framework""",gh-148186: Improve `assertCountEqual` description in docs.,0.8516038983091498,Q4 highest drift,high_drift,0.6100396740165225,potential_high_drift,https://github.com/python/cpython/issues/148186,https://github.com/python/cpython/pull/148463
python/cpython,142495,142668,defaultdict.__missing__ has data races,gh-142495: make `defaultdict` keep existed value when racing with `__missing__`,-1.17969986816534,Q1 lowest drift,low_drift,0.5632902398947549,potential_high_drift,https://github.com/python/cpython/issues/142495,https://github.com/python/cpython/pull/142668
python/cpython,148820,148852,_PySemaphore_Wakeup: parking_lot: ReleaseSemaphore failed,gh-148820: Fix _PyRawMutex use-after-free on spurious semaphore wakeup,-1.2086842182081456,Q1 lowest drift,low_drift,0.4330997888511549,potential_low_drift,https://github.com/python/cpython/issues/148820,https://github.com/python/cpython/pull/148852
python/cpython,146031,146032,Specialization never occurs with custom eval frame evaluator,gh-146031: Allow keeping specialization enabled when specifying eval frame function,1.696612716872946,Q4 highest drift,high_drift,0.6175147518817341,potential_high_drift,https://github.com/python/cpython/issues/146031,https://github.com/python/cpython/pull/146032
python/cpython,148858,148859,Remove duplicated recipe.yaml files in Tools/pixi-packages,gh-148858: Remove duplicated recipe.yaml files in Tools/pixi-packages,1.73350338173302,Q4 highest drift,high_drift,0.6712678340089331,potential_high_drift,https://github.com/python/cpython/issues/148858,https://github.com/python/cpython/pull/148859
python/cpython,123853,123901,`locale.windows_locale`: Incorrect Windows locale for Cambodian,gh-123853: Update locale.windows_locale,0.6366345003905781,Q3,middle,0.535525369867655,potential_high_drift,https://github.com/python/cpython/issues/123853,https://github.com/python/cpython/pull/123901
nodejs/node,62787,63006,Nightly macos15-release-pkg builds failing to build libffi,deps: fix libffi macos build,-0.5649441373891335,Q2,middle,0.4743377474316631,potential_low_drift,https://github.com/nodejs/node/issues/62787,https://github.com/nodejs/node/pull/63006
nodejs/node,62767,62770,"Crash in '{using x=null, {}=null;}'",src: fix crash in GetErrorSource() for invalid using syntax,-2.5010753310933875,Q1 lowest drift,low_drift,0.3004003358652996,potential_low_drift,https://github.com/nodejs/node/issues/62767,https://github.com/nodejs/node/pull/62770
nodejs/node,62275,62368,Watch mode not triggered by worker module and dependencies,watch: track worker thread entry files in --watch mode,-0.5602695025067157,Q2,middle,0.49952893421432853,potential_low_drift,https://github.com/nodejs/node/issues/62275,https://github.com/nodejs/node/pull/62368
nodejs/node,63007,55287,SECURITY: Ghost Bits Vulnerability in Node.js Standard Library,build: fix make errors that occur in Makefile,-3.247087520911164,Q1 lowest drift,low_drift,0.4353792227486452,potential_low_drift,https://github.com/nodejs/node/issues/63007,https://github.com/nodejs/node/pull/55287
nodejs/node,54162,49780,Buffer.from offsets,inspector: simplify dispatchProtocolMessage,0.317244401910514,Q3,middle,0.5079146909259683,potential_high_drift,https://github.com/nodejs/node/issues/54162,https://github.com/nodejs/node/pull/49780
nodejs/node,62577,62668,Requiring `Signed-off-by` moving forward,doc: clarify Backport-PR-URL metadata added automatically,0.1055917084913737,Q3,middle,0.6000226915492296,potential_high_drift,https://github.com/nodejs/node/issues/62577,https://github.com/nodejs/node/pull/62668
nodejs/node,56312,50786,Segmentation fault while terminating worker,test: replace foreach test-stream-pipe-unpipe-stream.js,-2.421067182388887,Q1 lowest drift,low_drift,0.40019143766844123,potential_low_drift,https://github.com/nodejs/node/issues/56312,https://github.com/nodejs/node/pull/50786
nodejs/node,60088,60428,`parallel/test-tls-ocsp-callback` fails with OpenSSL 3.6.0,tools: pin OpenSSL to 3.5.4 on test-shared workflow,0.1544692264709475,Q3,middle,0.4635293994853818,potential_low_drift,https://github.com/nodejs/node/issues/60088,https://github.com/nodejs/node/pull/60428
nodejs/node,55735,49741,Pointer Compression and Isolate Groups,fs: adjust typecheck for `type` in `fs.symlink()`,-1.298529453091953,Q1 lowest drift,low_drift,0.4828194286928908,potential_low_drift,https://github.com/nodejs/node/issues/55735,https://github.com/nodejs/node/pull/49741
nodejs/node,56973,51244,Objects randomly become number when iterating over arrays,vm: support using the default loader to handle dynamic import(),1.720003185191131,Q4 highest drift,high_drift,0.5099419268307958,potential_high_drift,https://github.com/nodejs/node/issues/56973,https://github.com/nodejs/node/pull/51244
nodejs/node,62861,62863,"""async"" argon2 freezes the main event loop",crypto: remove Argon2 KDF derivation from its job setup,-0.6785597975072867,Q2,middle,0.4474762098222036,potential_low_drift,https://github.com/nodejs/node/issues/62861,https://github.com/nodejs/node/pull/62863
nodejs/node,56248,62881,fs.promises.copyFile and fs.copyFileSync fails on Node 22.12 and 23.4 with EPERM: operation not permitted when copying from local disk to a mounted cifs share on alpine,deps: cherry-pick libuv/libuv@439a54b,-1.865118058011752,Q1 lowest drift,low_drift,0.5907284746641936,potential_high_drift,https://github.com/nodejs/node/issues/56248,https://github.com/nodejs/node/pull/62881
nodejs/node,62899,62902,Key usages should be an unique set,crypto: deduplicate and canonicalize CryptoKey usages,3.5702840889780374,Q4 highest drift,high_drift,0.6050314408980924,potential_high_drift,https://github.com/nodejs/node/issues/62899,https://github.com/nodejs/node/pull/62902
nodejs/node,62873,62390,OOB read in `Buffer.prototype.indexOf`,buffer: add end parameter,1.3329657827533303,Q4 highest drift,high_drift,0.5223604689126343,potential_high_drift,https://github.com/nodejs/node/issues/62873,https://github.com/nodejs/node/pull/62390
nodejs/node,59994,53612,"Add Promise-based closed(), exited(), and succeeded() to ChildProcess",benchmark: add cpSync benchmark,-0.2130773809671998,Q2,middle,0.5600651908896997,potential_high_drift,https://github.com/nodejs/node/issues/59994,https://github.com/nodejs/node/pull/53612
nodejs/node,62815,62820,MockTimers does not implement Timeout API correctl,test_runner: align MockTimers timeout API,-0.5917742614027819,Q2,middle,0.4882126297038271,potential_low_drift,https://github.com/nodejs/node/issues/62815,https://github.com/nodejs/node/pull/62820
nodejs/node,62874,62875,Hard crash in generateKeyPair on bad `type`,crypto: reject inherited key type names,-0.9850150120128134,Q1 lowest drift,low_drift,0.3609195200258468,potential_low_drift,https://github.com/nodejs/node/issues/62874,https://github.com/nodejs/node/pull/62875
nodejs/node,62908,55249,24.x PPA missing 24.15.0,"build,win: enable pch for clang-cl",-1.2606811928277797,Q1 lowest drift,low_drift,0.5673231113396607,potential_high_drift,https://github.com/nodejs/node/issues/62908,https://github.com/nodejs/node/pull/55249
nodejs/node,59933,53522,Use `C:/` path searching in windows over `C:\`,deps: V8: cherry-pick 9ebca66a5740,5.542984201164404,Q4 highest drift,high_drift,0.5478293574476343,potential_high_drift,https://github.com/nodejs/node/issues/59933,https://github.com/nodejs/node/pull/53522
nodejs/node,14662,62925,Consider redirection from nodejs/node-v0.x-archive,ffi: support Symbol.dispose on DynamicLibrary,0.4354848895506773,Q3,middle,0.5468423954985914,potential_high_drift,https://github.com/nodejs/node/issues/14662,https://github.com/nodejs/node/pull/62925
nodejs/node,62385,62388,`make test-only` should not depend on doc-kit,build: make test-addons dependency-free,1.952707300171337,Q4 highest drift,high_drift,0.5324447439316085,potential_high_drift,https://github.com/nodejs/node/issues/62385,https://github.com/nodejs/node/pull/62388
nodejs/node,62809,62832,Add a check to not allow `addTrailers` on an already ended http reply,http: reject addTrailers after finish,0.3415796112462148,Q3,middle,0.49825391176425027,potential_low_drift,https://github.com/nodejs/node/issues/62809,https://github.com/nodejs/node/pull/62832
nodejs/node,44240,43241,'imports' alias syntax to restrictive,tools: update clang-format 1.7.0 to 1.8.0,-0.1131786191679191,Q2,middle,0.5512889716757858,potential_high_drift,https://github.com/nodejs/node/issues/44240,https://github.com/nodejs/node/pull/43241
nodejs/node,62642,55006,Build failure on RISC-V64 in Node.js v24.14.0,test: remove interval and give more time to unsync,-0.9360169408470852,Q1 lowest drift,low_drift,0.45906559828195675,potential_low_drift,https://github.com/nodejs/node/issues/62642,https://github.com/nodejs/node/pull/55006
nodejs/node,56990,62205,Multiple diffieHellman.generateKeys calls don't update the public key,doc: clarify diffieHellman.generateKeys recomputes same key,-0.218097264041589,Q2,middle,0.5608960206880691,potential_high_drift,https://github.com/nodejs/node/issues/56990,https://github.com/nodejs/node/pull/62205
nodejs/node,62743,62745,Dead link to inspector docs," doc,src,test: fix dead inspector help URL",0.7195754062103787,Q3,middle,0.5095740968665186,potential_high_drift,https://github.com/nodejs/node/issues/62743,https://github.com/nodejs/node/pull/62745
nodejs/node,57797,52093,parallel.test-fs-stat-bigint is flaky,module: eliminate performance cost of ESM syntax detection for CommonJS entry points,0.2230003516390048,Q3,middle,0.5514725493092522,potential_high_drift,https://github.com/nodejs/node/issues/57797,https://github.com/nodejs/node/pull/52093
nodejs/node,57355,62800,dns.lookup signature out of date,doc: clarify dns.lookup() callback signature when all is true,0.1810680524286421,Q3,middle,0.6025301354454172,potential_high_drift,https://github.com/nodejs/node/issues/57355,https://github.com/nodejs/node/pull/62800
nodejs/node,54787,50173,Should we be calling `SSL_CTX_add_client_CA()` always when a custom CA is set?,stream: improve readable stream read perf,-0.4148352026647435,Q2,middle,0.5397873830439223,potential_high_drift,https://github.com/nodejs/node/issues/54787,https://github.com/nodejs/node/pull/50173
nodejs/node,62748,54140,dns.getServers() returns 127.0.0.1 instead of actual DNS server on Windows (c-ares 1.34.6 regression),Fix duplicated test descriptions,-1.6532872412713266,Q1 lowest drift,low_drift,0.532500711306452,potential_high_drift,https://github.com/nodejs/node/issues/62748,https://github.com/nodejs/node/pull/54140
nodejs/node,58343,52280,Node 24 still outputs ExperimentalWarning for `fsPromises.glob`,url: implement parse method for safer URL parsing,1.5521586223044288,Q4 highest drift,high_drift,0.63563539101791,potential_high_drift,https://github.com/nodejs/node/issues/58343,https://github.com/nodejs/node/pull/52280
nodejs/node,60423,60012,allocUnsafe is useless since 24,deps: upgrade npm to 11.6.1,4.638319376273723,Q4 highest drift,high_drift,0.6314840140438167,potential_high_drift,https://github.com/nodejs/node/issues/60423,https://github.com/nodejs/node/pull/60012
nodejs/node,62703,53381,Node.js process cannot resolve the DNS SRV records,build: add more information to Makefile help,2.2390006232366604,Q4 highest drift,high_drift,0.5394151731880924,potential_high_drift,https://github.com/nodejs/node/issues/62703,https://github.com/nodejs/node/pull/53381
nodejs/node,62432,62462,`ERR_INTERNAL_ASSERTION` when `import()` and `require()` load the same ESM dependency,esm: add `ERR_REQUIRE_ESM_RACE_CONDITION`,-0.4575469047382935,Q2,middle,0.46661450918355596,potential_low_drift,https://github.com/nodejs/node/issues/62432,https://github.com/nodejs/node/pull/62462
nodejs/node,55236,50135,Stack traces broken for static methods with --enable-source-maps,lib: align console.table row to the left,0.3532748587573868,Q3,middle,0.45717842574098466,potential_low_drift,https://github.com/nodejs/node/issues/55236,https://github.com/nodejs/node/pull/50135
nodejs/node,61449,61451,doc: missing highest compatible Microsoft Visual Studio version,[v22.x] doc: supported toolchain with Visual Studio 2022 only,-0.3506069570467466,Q2,middle,0.47621245671688883,potential_low_drift,https://github.com/nodejs/node/issues/61449,https://github.com/nodejs/node/pull/61451
nodejs/node,62259,62623,Missing napi_create_external_sharedarraybuffer,node-api: add napi_create_external_sharedarraybuffer,0.8341123340632741,Q4 highest drift,high_drift,0.5974214194924764,potential_high_drift,https://github.com/nodejs/node/issues/62259,https://github.com/nodejs/node/pull/62623
nodejs/node,60026,53682,node-api: TSFN user-provided Finalize callback executed before draining queue on aborted TSFN,worker: add postMessageToThread,0.9897458617507728,Q4 highest drift,high_drift,0.5969430420346948,potential_high_drift,https://github.com/nodejs/node/issues/60026,https://github.com/nodejs/node/pull/53682
nodejs/node,60083,62556,Errors in composed streams hang since Node 22.5,stream: fix nested compose error propagation,-1.0531997255663772,Q1 lowest drift,low_drift,0.44826394460684543,potential_low_drift,https://github.com/nodejs/node/issues/60083,https://github.com/nodejs/node/pull/62556
nodejs/node,61724,62005,DEP0169 DeprecationWarning: url.parse() when url.resolve() used (node_modules context),url: suppress warnings from url.format/url.resolve inside node_modules,-0.3799687866726566,Q2,middle,0.5325579774894816,potential_high_drift,https://github.com/nodejs/node/issues/61724,https://github.com/nodejs/node/pull/62005
nodejs/node,60838,48528,build error of node-v22.9.0 for riscv64 architecture,lib: rewrite AsyncLocalStorage without async_hooks,1.7661453291490146,Q4 highest drift,high_drift,0.49792975940147494,potential_low_drift,https://github.com/nodejs/node/issues/60838,https://github.com/nodejs/node/pull/48528
nodejs/node,62758,55085,NPM can't be updated on node version v22.22.2,module: unflag --experimental-require-module,2.023807439583387,Q4 highest drift,high_drift,0.45436221373524466,potential_low_drift,https://github.com/nodejs/node/issues/62758,https://github.com/nodejs/node/pull/55085
nodejs/node,62747,54002,dns.getServers() returns 127.0.0.1 instead of actual DNS server on Windows (c-ares 1.34.6 regression),tools: make choco install script readable,-1.6750549925711111,Q1 lowest drift,low_drift,0.5094240536029424,potential_high_drift,https://github.com/nodejs/node/issues/62747,https://github.com/nodejs/node/pull/54002
nodejs/node,62638,62674,`fs.readSync` does not validate invalid `position` type (accepts object instead of throwing),fs: validate position argument before length === 0 early return,-0.0744223686249269,Q3,middle,0.5611205207796817,potential_high_drift,https://github.com/nodejs/node/issues/62638,https://github.com/nodejs/node/pull/62674
nodejs/node,62723,55071,Increase min_semi_space_size when possible to make v8 default heap space sizes less catastrophic for containers and memory-constrained environments,fs: pass correct path to `DirentFromStats` during `glob`,-0.7159078154411866,Q2,middle,0.5156139787420999,potential_high_drift,https://github.com/nodejs/node/issues/62723,https://github.com/nodejs/node/pull/55071
microsoft/vscode,308028,308990,Agents: Reuse VS Code auth,Share secrets between Code and Agents app via macOS Keychain,1.8950147749245765,Q4 highest drift,high_drift,0.5445230542574924,potential_high_drift,https://github.com/microsoft/vscode/issues/308028,https://github.com/microsoft/vscode/pull/308990
microsoft/vscode,310886,311015,Long question is truncated,add hover to ask questions tool,-1.4410193024121023,Q1 lowest drift,low_drift,0.3684953410139536,potential_low_drift,https://github.com/microsoft/vscode/issues/310886,https://github.com/microsoft/vscode/pull/311015
microsoft/vscode,142341,142432,Integrated terminal automatically sends 'Y' when terminating node batch script,Disable auto replies by default ,-1.83053948521288,Q1 lowest drift,low_drift,0.46638339078403585,potential_low_drift,https://github.com/microsoft/vscode/issues/142341,https://github.com/microsoft/vscode/pull/142432
microsoft/vscode,239838,239958,VSCode freezes when opening a terminal,xterm@5.6.0-beta.97,-0.411195839137328,Q2,middle,0.3027126397269003,potential_low_drift,https://github.com/microsoft/vscode/issues/239838,https://github.com/microsoft/vscode/pull/239958
microsoft/vscode,239862,240261,Native context menu hijacks custom one in webview editor,fix: context-menu event emitted twice on macOS,-0.3876918934475801,Q2,middle,0.40701126559312084,potential_low_drift,https://github.com/microsoft/vscode/issues/239862,https://github.com/microsoft/vscode/pull/240261
microsoft/vscode,260389,260960,"""Open with Code"" old context menu option missing from Explorer on version 1.103.0",fix: restore old style context menu on windows for stable,-0.5240463662507371,Q2,middle,0.3838187026967997,potential_low_drift,https://github.com/microsoft/vscode/issues/260389,https://github.com/microsoft/vscode/pull/260960
microsoft/vscode,268324,312688,Debt: Remove `github:jrieken/typescript-formatter` dependency,refactor: improve formatting verification and update lint-staged commands,2.020830387394406,Q4 highest drift,high_drift,0.4908658798279225,potential_low_drift,https://github.com/microsoft/vscode/issues/268324,https://github.com/microsoft/vscode/pull/312688
microsoft/vscode,275289,283076,Chat session picker: No picker in restored chat editor,chatSessionService#onDidChangeOptionGroups,-0.4938656845788282,Q2,middle,0.4564639716294608,potential_low_drift,https://github.com/microsoft/vscode/issues/275289,https://github.com/microsoft/vscode/pull/283076
microsoft/vscode,277422,277423,Telemetry event `inline.done` isn't send for v2 inline chat sessions,Make sure UI sends `notifyUserAction` on accept or reject,-1.365135579521124,Q1 lowest drift,low_drift,0.4024315066422515,potential_low_drift,https://github.com/microsoft/vscode/issues/277422,https://github.com/microsoft/vscode/pull/277423
microsoft/vscode,283017,283023,InlineChatController2 creates widget eagerly,"Make sure not create widget eagerly, enforce editor to have a model when widget gets created",-0.9745658244867964,Q1 lowest drift,low_drift,0.33579113859670345,potential_low_drift,https://github.com/microsoft/vscode/issues/283017,https://github.com/microsoft/vscode/pull/283023
microsoft/vscode,286776,287020,Git Source Control Graph tree doesn't expand for some entries,Git - fix git diff raw parsing to correctly handle renamed files,-0.9245109979861036,Q1 lowest drift,low_drift,0.43142005232294545,potential_low_drift,https://github.com/microsoft/vscode/issues/286776,https://github.com/microsoft/vscode/pull/287020
microsoft/vscode,295264,295559,Backport fix for CVE-2026-2441 from chromium,chore: bump electron@39.6.0,0.0423109406131086,Q3,middle,0.4565660129663611,potential_low_drift,https://github.com/microsoft/vscode/issues/295264,https://github.com/microsoft/vscode/pull/295559
microsoft/vscode,303174,304236,autopilot mode should allow curl in terminal,Enable terminal commands to run freely in `Autopilot` and `Bypass Approvals` modes,0.5318870180950355,Q3,middle,0.41159503085915267,potential_low_drift,https://github.com/microsoft/vscode/issues/303174,https://github.com/microsoft/vscode/pull/304236
microsoft/vscode,309589,309596,Terminal commands should be auto approved when invoked from `ask_questions` tool,Skip redundant `send_to_terminal` confirmation when replying to `askQuestions` carousel,-0.8381607794384275,Q2,middle,0.4496106892907471,potential_low_drift,https://github.com/microsoft/vscode/issues/309589,https://github.com/microsoft/vscode/pull/309596
microsoft/vscode,309608,309596,`send_to_terminal` progress message repeats first question when accepting all defaults in interactive commands,Skip redundant `send_to_terminal` confirmation when replying to `askQuestions` carousel,-0.8381607794384275,Q2,middle,0.44581154971019826,potential_low_drift,https://github.com/microsoft/vscode/issues/309608,https://github.com/microsoft/vscode/pull/309596
microsoft/vscode,313148,313205,Deleting forked session deleted my worktree,Fix deleting forked session showing wrong confirmation dialog,-0.7476256857823145,Q2,middle,0.49707884772199895,potential_low_drift,https://github.com/microsoft/vscode/issues/313148,https://github.com/microsoft/vscode/pull/313205
microsoft/vscode,312554,312951,"After Plan mode, agent does not start implementation","On agent mode change, ignore stateful marker",0.0291219981126638,Q3,middle,0.38603491788718997,potential_low_drift,https://github.com/microsoft/vscode/issues/312554,https://github.com/microsoft/vscode/pull/312951
microsoft/vscode,299934,313138,Copilot chat OTel child spans are missing tool definitions,OTel: include tool parameters and emit tool definitions on child chat spans,-0.6157505917841524,Q2,middle,0.48890660420588083,potential_low_drift,https://github.com/microsoft/vscode/issues/299934,https://github.com/microsoft/vscode/pull/313138
microsoft/vscode,300318,313138,Copilot chat OTel tools are missing parameters,OTel: include tool parameters and emit tool definitions on child chat spans,0.054785254096355,Q3,middle,0.4703590034107538,potential_low_drift,https://github.com/microsoft/vscode/issues/300318,https://github.com/microsoft/vscode/pull/313138
microsoft/vscode,308934,313090,ask_questions auto-replies with incorrect answers in autopilot mode,disable ask questions tool for autopilot,-1.865118058011752,Q1 lowest drift,low_drift,0.33200835649859745,potential_low_drift,https://github.com/microsoft/vscode/issues/308934,https://github.com/microsoft/vscode/pull/313090
microsoft/vscode,310018,310266,Agents App: Session List Visual Improvements,sessions: add pinned sidebar section,0.8845408464334539,Q4 highest drift,high_drift,0.6384100342955538,potential_high_drift,https://github.com/microsoft/vscode/issues/310018,https://github.com/microsoft/vscode/pull/310266
microsoft/vscode,312671,312838,Auto-approve for tmp folder writes,Allow write to /tmp when allow all commands in session,-0.1058030209155863,Q3,middle,0.4547045995915954,potential_low_drift,https://github.com/microsoft/vscode/issues/312671,https://github.com/microsoft/vscode/pull/312838
microsoft/vscode,312803,313068,"[Error] unhandlederror-No activated agent with id ""setup.vscode""",Don't throw in setRequestTools when agent is gone,-1.350066704773013,Q1 lowest drift,low_drift,0.3907107096599152,potential_low_drift,https://github.com/microsoft/vscode/issues/312803,https://github.com/microsoft/vscode/pull/313068
microsoft/vscode,312817,312871,Agent customizations list item should focus search input on Enter/Space,Focus search input on section selection for keyboard parity,-1.6916786488077615,Q1 lowest drift,low_drift,0.40151749643454254,potential_low_drift,https://github.com/microsoft/vscode/issues/312817,https://github.com/microsoft/vscode/pull/312871
microsoft/vscode,300278,300889,Are l8n pipelines running?,Add sessions support to translation resources and update related logic,-0.7440072247022318,Q2,middle,0.4431843571581797,potential_low_drift,https://github.com/microsoft/vscode/issues/300278,https://github.com/microsoft/vscode/pull/300889
microsoft/vscode,300204,300470,Error serializing chat session for storage. The session will be lost if the window is closed.,chat: use softAssertNever for unknown response parts,-1.5891222780064114,Q1 lowest drift,low_drift,0.40511911941941464,potential_low_drift,https://github.com/microsoft/vscode/issues/300204,https://github.com/microsoft/vscode/pull/300470
microsoft/vscode,301263,301628,"Expected a ""copy"" or ""open in editor"" on embedded parts",Misc debug panel UX fixes,-0.070042340335641,Q3,middle,0.4197066190434473,potential_low_drift,https://github.com/microsoft/vscode/issues/301263,https://github.com/microsoft/vscode/pull/301628
microsoft/vscode,301261,301628,Scrollbars in flyouts are unstyled,Misc debug panel UX fixes,0.6004935055448664,Q3,middle,0.4291829248563042,potential_low_drift,https://github.com/microsoft/vscode/issues/301261,https://github.com/microsoft/vscode/pull/301628
microsoft/vscode,301259,301628,Use number formatting for token counts in debug log,Misc debug panel UX fixes,0.6004935055448664,Q3,middle,0.5483021836600412,potential_high_drift,https://github.com/microsoft/vscode/issues/301259,https://github.com/microsoft/vscode/pull/301628
microsoft/vscode,301226,301497,title bar update widget shows briefly even though setting is off,Update title bar UI feature work and bug fixes,0.5233088827915517,Q3,middle,0.46580337572483804,potential_low_drift,https://github.com/microsoft/vscode/issues/301226,https://github.com/microsoft/vscode/pull/301497
microsoft/vscode,301169,301400,Browser Zoom: Display zoom percent,Browser: more improvements to Zoom,-0.8203886809897821,Q2,middle,0.5010004487339246,potential_high_drift,https://github.com/microsoft/vscode/issues/301169,https://github.com/microsoft/vscode/pull/301400
microsoft/vscode,301121,301520,New 'Update' UI pulls focus,Fix focus issue and turn on update title bar entry for Insiders,-0.2322074008058116,Q2,middle,0.40402572900360173,potential_low_drift,https://github.com/microsoft/vscode/issues/301121,https://github.com/microsoft/vscode/pull/301520
microsoft/vscode,300941,301497,Time to update telemetry,Update title bar UI feature work and bug fixes,0.5233088827915517,Q3,middle,0.4525743183378058,potential_low_drift,https://github.com/microsoft/vscode/issues/300941,https://github.com/microsoft/vscode/pull/301497
microsoft/vscode,300485,301379,Queued messages disappear from Copilot CLI agent,Migrate queued requests when swapping sessions (for CLI),-0.3187782357147652,Q2,middle,0.4831751075664654,potential_low_drift,https://github.com/microsoft/vscode/issues/300485,https://github.com/microsoft/vscode/pull/301379
kubernetes/kubernetes,135541,138244,kubelet TopologyManager Stalls on Large NUMA Systems (e.g. Nvidia GB200 Compute Tray with 34 NUMA nodes),devicemanager: constrain topology hints to device NUMA nodes,1.9456780176491253,Q4 highest drift,high_drift,0.4297014599456821,potential_low_drift,https://github.com/kubernetes/kubernetes/issues/135541,https://github.com/kubernetes/kubernetes/pull/138244
kubernetes/kubernetes,138614,138656,[Flaking tests] k8s.io/kubernetes/test/integration/auth - TestConstrainedImpersonation,Fix metrics regex in TestConstrainedImpersonation,-0.9940627760631722,Q1 lowest drift,low_drift,0.4975380128519554,potential_low_drift,https://github.com/kubernetes/kubernetes/issues/138614,https://github.com/kubernetes/kubernetes/pull/138656
kubernetes/kubernetes,138556,138587,kubelet does not start when kubelet folder is on ZFS filesystem because of missing cadvisor plugin in 1.36.0,re-introduce cadvisor ZFS support to kubelet,1.0952949159354626,Q4 highest drift,high_drift,0.5226226894078583,potential_high_drift,https://github.com/kubernetes/kubernetes/issues/138556,https://github.com/kubernetes/kubernetes/pull/138587
kubernetes/kubernetes,138084,138212,OpportunisticBatching: Skip OpportunisticBatching if NNN is set,scheduler: bypass opportunistic OpportunisticBatching for nominated pods,0.1988448456695792,Q3,middle,0.6565453586099027,potential_high_drift,https://github.com/kubernetes/kubernetes/issues/138084,https://github.com/kubernetes/kubernetes/pull/138212
kubernetes/kubernetes,138218,138300,[Flaking tests] k8s.io/kubernetes/test/integration/storageversionmigrator - TestStorageVersionMigrationWithCRD,Reduce number of chaos workers to prevent timeouts,-1.1300503171285652,Q1 lowest drift,low_drift,0.4921297968353998,potential_low_drift,https://github.com/kubernetes/kubernetes/issues/138218,https://github.com/kubernetes/kubernetes/pull/138300
kubernetes/kubernetes,138114,138178,[Flaking tests] k8s.io/kubernetes/test/integration/apiserver/discovery - TestCRD/Race,Make cleanup aware of uid differences,-0.6935501614070665,Q2,middle,0.5077310830446745,potential_high_drift,https://github.com/kubernetes/kubernetes/issues/138114,https://github.com/kubernetes/kubernetes/pull/138178
kubernetes/kubernetes,137837,137835,Flaking integration test TestNodeAuthorizerNamespaceNameConfusion,suggest running k8s.io/api tests after adding testdata without test caching,-0.5240463662507371,Q2,middle,0.5777811027396033,potential_high_drift,https://github.com/kubernetes/kubernetes/issues/137837,https://github.com/kubernetes/kubernetes/pull/137835
kubernetes/kubernetes,137602,137991,[Flaking Issue] DevicePlugin [Serial] [Disruptive] Does not keep device plugin assignments across node reboots if fails admission,Update CNI plugins to v1.9.1,0.1296599993302746,Q3,middle,0.5209370662662156,potential_high_drift,https://github.com/kubernetes/kubernetes/issues/137602,https://github.com/kubernetes/kubernetes/pull/137991
kubernetes/kubernetes,138225,138322,[Flaking Test] [sig node] Security Context when creating a pod in the host PID namespace should not show its pid in the non-hostpid containers [Feature:HostAccess] [ubuntu01],Fix flaky hostPID security context test by retrying nginx PID file read,-0.6517428521762711,Q2,middle,0.6003616686917052,potential_high_drift,https://github.com/kubernetes/kubernetes/issues/138225,https://github.com/kubernetes/kubernetes/pull/138322
kubernetes/kubernetes,137085,138571,"""kube-proxy iptables mode has 5-6x performance regression when switching to iptables-nft backend""",kube-proxy: don't do full periodic syncs on large cluster mode,-0.7472587540445506,Q2,middle,0.5883086780909182,potential_high_drift,https://github.com/kubernetes/kubernetes/issues/137085,https://github.com/kubernetes/kubernetes/pull/138571
kubernetes/kubernetes,137739,137742,Failure cluster [99403658...] TestEvictDuringNamespaceTerminating failures,kubectl/drain: widen namespace termination retry timeout,-0.5649441373891335,Q2,middle,0.469489386029449,potential_low_drift,https://github.com/kubernetes/kubernetes/issues/137739,https://github.com/kubernetes/kubernetes/pull/137742
kubernetes/kubernetes,137740,137746,Failure cluster [dbc0366b...] TestNodeSyncResync,nodeipam: buffer TestNodeSyncResync report notifications,-0.4894677934518652,Q2,middle,0.4240102477192595,potential_low_drift,https://github.com/kubernetes/kubernetes/issues/137740,https://github.com/kubernetes/kubernetes/pull/137746
kubernetes/kubernetes,134458,134950,[Flaking test] [InPlacePodVerticalScaling] Pod Resize deferred tests are flaking,[Flaking test] [InPlacePodVerticalScaling] Fix Pod Resize deferred tests,0.2474571069432403,Q3,middle,0.532796032716263,potential_high_drift,https://github.com/kubernetes/kubernetes/issues/134458,https://github.com/kubernetes/kubernetes/pull/134950
kubernetes/kubernetes,137912,137930,[Failing Test] user namespaces kubeconfig tests [LinuxOnly] [Feature:UserNamespacesSupport] [Serial]  Kubelet crashes on restart when idsPerPod changes with existing userns pods on disk,tests: Wait for pod to be removed on kubelet restarts with userns.idsPerPod,-2.104559231574952,Q1 lowest drift,low_drift,0.4914821859782522,potential_low_drift,https://github.com/kubernetes/kubernetes/issues/137912,https://github.com/kubernetes/kubernetes/pull/137930
kubernetes/kubernetes,137469,137456,Windows flaking test: k8s.io/kubernetes/pkg/kubelet TestUpdateNewNodeStatus,"Update go.mod to go 1.26, fix 1.26 vet errors",2.448561453333296,Q4 highest drift,high_drift,0.5480128928449687,potential_high_drift,https://github.com/kubernetes/kubernetes/issues/137469,https://github.com/kubernetes/kubernetes/pull/137456
kubernetes/kubernetes,122207,138295,"Add context to `""Watch failed""`",client-go/tools/watch: downgrade 410 Gone error to V(4) debug log in RetryWatcher,0.6921208404169223,Q3,middle,0.4849724376856491,potential_low_drift,https://github.com/kubernetes/kubernetes/issues/122207,https://github.com/kubernetes/kubernetes/pull/138295
kubernetes/kubernetes,136918,136920,Cronjob controller try to get existed job without namespace,Fix empty namespace when fetching existing job in cronjob controller,0.1745707307678328,Q3,middle,0.5440455676714924,potential_high_drift,https://github.com/kubernetes/kubernetes/issues/136918,https://github.com/kubernetes/kubernetes/pull/136920
kubernetes/kubernetes,135341,135856,[InPlacePodVerticalScaling] Move feasibility checks to admission,[InPlacePodVerticalScaling] remove ineffectual static pod feasibility check,-0.7159078154411866,Q2,middle,0.5751204838026311,potential_high_drift,https://github.com/kubernetes/kubernetes/issues/135341,https://github.com/kubernetes/kubernetes/pull/135856
kubernetes/kubernetes,125500,138003,Distinguish PDB error separately in eviction API,pkg/registry/core/pod/storage: add PDB-specific CauseType to eviction forbidden errors,-1.160413060709611,Q1 lowest drift,low_drift,0.5793861688122947,potential_high_drift,https://github.com/kubernetes/kubernetes/issues/125500,https://github.com/kubernetes/kubernetes/pull/138003
kubernetes/kubernetes,56876,58411,kubernetes publishing bot is broken,client-go: fix bootstrap token imports,-0.9940627760631722,Q1 lowest drift,low_drift,0.5260643616664464,potential_high_drift,https://github.com/kubernetes/kubernetes/issues/56876,https://github.com/kubernetes/kubernetes/pull/58411
kubernetes/kubernetes,138533,137553,new DNS test failing on ipv6,Test that Service DNS uses EndpointSlices,1.965119057683637,Q4 highest drift,high_drift,0.5208836868140732,potential_high_drift,https://github.com/kubernetes/kubernetes/issues/138533,https://github.com/kubernetes/kubernetes/pull/137553
kubernetes/kubernetes,93100,94893,Remove generators from kubectl commands,Remove the dependency between create priorityclass command and genera…,0.5381436234656147,Q3,middle,0.6804619471004238,potential_high_drift,https://github.com/kubernetes/kubernetes/issues/93100,https://github.com/kubernetes/kubernetes/pull/94893
kubernetes/kubernetes,138373,138420,"Remove SchedulerQueueingHints feature gate entirely, since it's GA'd since v1.34",Graduate SchedulerQueueingHints feature gate and cleanup the codebase,2.337522307902573,Q4 highest drift,high_drift,0.6493684085624364,potential_high_drift,https://github.com/kubernetes/kubernetes/issues/138373,https://github.com/kubernetes/kubernetes/pull/138420
kubernetes/kubernetes,138407,138408,[DRA] pod.status.resourceClaimStatuses entries are flapping,Fix flapping pod.status.resourceClaimStatuses,0.1944670948662334,Q3,middle,0.5814737685034964,potential_high_drift,https://github.com/kubernetes/kubernetes/issues/138407,https://github.com/kubernetes/kubernetes/pull/138408
kubernetes/kubernetes,138352,138394,KEP-5304: requests with count>1 produce incorrect device metadata,"KEP-5304, fix: merge same request metadata across drivers",0.2680220848172731,Q3,middle,0.6194455085917892,potential_high_drift,https://github.com/kubernetes/kubernetes/issues/138352,https://github.com/kubernetes/kubernetes/pull/138394
kubernetes/kubernetes,138112,138386,[Declarative Validation] Add `+k8s:maxProperties` declarative validation tag,feat: add maxProperties declarative validation tag,0.3113596636730067,Q3,middle,0.5806694257079835,potential_high_drift,https://github.com/kubernetes/kubernetes/issues/138112,https://github.com/kubernetes/kubernetes/pull/138386
kubernetes/kubernetes,137328,138312,DATA RACE (and panic?!): TestSchedulerPerf/PreemptionAsync/5Nodes_AsyncAPICallsEnabled,test/integration: synchronize scheduler shutdown to fix metrics data race,0.240699192698826,Q3,middle,0.4762967051111832,potential_low_drift,https://github.com/kubernetes/kubernetes/issues/137328,https://github.com/kubernetes/kubernetes/pull/138312
kubernetes/kubernetes,138051,138230,"[Flaking Test] CSI Mock volume storage capacity storage capacity exhausted, late binding, with topology",Fix the flaky test for CSI storage capacity in csi mock,-1.245528974943363,Q1 lowest drift,low_drift,0.43908339866675494,potential_low_drift,https://github.com/kubernetes/kubernetes/issues/138051,https://github.com/kubernetes/kubernetes/pull/138230
kubernetes/kubernetes,121942,138102,Kubernetes endpoint validation,fix: validate apiserver endpoints in master lease reconciler,-0.9564391142514096,Q1 lowest drift,low_drift,0.4426217179986526,potential_low_drift,https://github.com/kubernetes/kubernetes/issues/121942,https://github.com/kubernetes/kubernetes/pull/138102
kubernetes/kubernetes,137503,137462,NodeLogQuery stopped accepting POST,Use HTTP GET for Node log queries in e2e logcheck,-0.6795308588925055,Q2,middle,0.6136043133776466,potential_high_drift,https://github.com/kubernetes/kubernetes/issues/137503,https://github.com/kubernetes/kubernetes/pull/137462
kubernetes/kubernetes,134080,138075,"kube-apiserver log spammed with ""failed to connect to etcd""",APIServer: avoid recreating etcd clients on every metrics scrape,0.6303599805401122,Q3,middle,0.5689923823299816,potential_high_drift,https://github.com/kubernetes/kubernetes/issues/134080,https://github.com/kubernetes/kubernetes/pull/138075
kubernetes/kubernetes,137965,138047,[declarative validation] `+k8s:minimum` / `+k8s:maximum` do not correctly handle signedness and associated type bounds/boundary-values (ex: int32 vs int64),validation-gen: reject min/max tag values that overflow target integer type,0.8686361329955234,Q4 highest drift,high_drift,0.5073501103859336,potential_high_drift,https://github.com/kubernetes/kubernetes/issues/137965,https://github.com/kubernetes/kubernetes/pull/138047
kubernetes/kubernetes,137320,138017,Flaky TestPreemption tests,Fix race conditions and timing issues in preemption tests,0.0931689729051268,Q3,middle,0.5576898151876188,potential_high_drift,https://github.com/kubernetes/kubernetes/issues/137320,https://github.com/kubernetes/kubernetes/pull/138017
kubernetes/kubernetes,137381,138000,Windows: Seeing intermittent DNS issues on k8s > 1.30,Delete remote endpoint if it has same ip as local endpoint in the system.,1.0472254667017853,Q4 highest drift,high_drift,0.5691999693048324,potential_high_drift,https://github.com/kubernetes/kubernetes/issues/137381,https://github.com/kubernetes/kubernetes/pull/138000
kubernetes/kubernetes,126850,136455,The Clientset returned from the new NewClientset function does not work for CRDs,fake client-go: un-deprecate NewSimpleClientset,1.6214218408660828,Q4 highest drift,high_drift,0.6099629729013696,potential_high_drift,https://github.com/kubernetes/kubernetes/issues/126850,https://github.com/kubernetes/kubernetes/pull/136455
kubernetes/kubernetes,134565,137970,Some goroutine leaks in staging/src/k8s.io/client-go/tools/cache,Fix goroutine leaks in ephemeral volume controller test,-1.7291516708816657,Q1 lowest drift,low_drift,0.46752022291736833,potential_low_drift,https://github.com/kubernetes/kubernetes/issues/134565,https://github.com/kubernetes/kubernetes/pull/137970
kubernetes/kubernetes,137842,137086,DRA: flaky extended resource upgrade/downgrade test,KEP 5304: add implementation for discoverable DRA Device metadata in pod,2.014599430096496,Q4 highest drift,high_drift,0.6134573817513543,potential_high_drift,https://github.com/kubernetes/kubernetes/issues/137842,https://github.com/kubernetes/kubernetes/pull/137086
kubernetes/kubernetes,137859,137869,[Failing Test] Security Context SupplementalGroupsPolicy [LinuxOnly] [Feature:SupplementalGroupsPolicy],Fix [Failing Test] Security Context SupplementalGroupsPolicy [LinuxOnly] [Feature:SupplementalGroupsPolicy],-0.6076174468423665,Q2,middle,0.6337954411793976,potential_high_drift,https://github.com/kubernetes/kubernetes/issues/137859,https://github.com/kubernetes/kubernetes/pull/137869
kubernetes/kubernetes,137468,137456,Windows failing test: k8s.io/kubernetes/pkg/kubelet/volumemanager/reconciler TestReconstructedVolumeShouldUnmountSucceedAfterSetupFailed,"Update go.mod to go 1.26, fix 1.26 vet errors",2.448561453333296,Q4 highest drift,high_drift,0.5422431565727172,potential_high_drift,https://github.com/kubernetes/kubernetes/issues/137468,https://github.com/kubernetes/kubernetes/pull/137456
kubernetes/kubernetes,137409,137666,StatefulSet pod revisions not updated when MaxUnavailableStatefulSet enabled,"Parallel pod management should not count old, broken pods for maxUnavailable budget",-0.689989271943466,Q2,middle,0.5593709173192634,potential_high_drift,https://github.com/kubernetes/kubernetes/issues/137409,https://github.com/kubernetes/kubernetes/pull/137666
kubernetes/kubernetes,137179,137338,[Flaking tests] k8s.io/kubernetes/test/integration/podcertificaterequests.podcertificaterequests,Wait for node authorizer graph to populate,-0.9890428929887832,Q1 lowest drift,low_drift,0.5227794990756145,potential_high_drift,https://github.com/kubernetes/kubernetes/issues/137179,https://github.com/kubernetes/kubernetes/pull/137338
kubernetes/kubernetes,136873,136935,[kube-api-linter] Enable the `optionalorrequired` linter for the `resource` API group,api: enable optionalorrequired linter for resource API,1.0192302161916786,Q4 highest drift,high_drift,0.7042762731869728,potential_high_drift,https://github.com/kubernetes/kubernetes/issues/136873,https://github.com/kubernetes/kubernetes/pull/136935
kubernetes/kubernetes,135988,135989,ImageVolume: Empty image.reference in Pod templates passes API validation but fails at runtime,Fix ImageVolume validation for empty reference in Pod templates,0.1163580341046778,Q3,middle,0.52678435408622,potential_high_drift,https://github.com/kubernetes/kubernetes/issues/135988,https://github.com/kubernetes/kubernetes/pull/135989
kubernetes/kubernetes,134568,135964,kubectl get storageclass should indicate the effective default StorageClass when multiple defaults exist,fix: show only effective default StorageClass in kubectl output,0.4020062790214238,Q3,middle,0.6853829450007901,potential_high_drift,https://github.com/kubernetes/kubernetes/issues/134568,https://github.com/kubernetes/kubernetes/pull/135964
kubernetes/kubernetes,135528,135905,Improve efficiency of requeuing unschedulable pods when a pod is added for gang scheduling,Execute GangScheduling plugin only for requeuing unschedulable pods on Add/Pod,0.631718468423904,Q3,middle,0.6270315050188485,potential_high_drift,https://github.com/kubernetes/kubernetes/issues/135528,https://github.com/kubernetes/kubernetes/pull/135905
kubernetes/kubernetes,120181,133313,job executions started manually for a cronjob are marked as unexpected,check the job owner reference in the cronjob reconcile loop,1.0777895386029648,Q4 highest drift,high_drift,0.5376412295112832,potential_high_drift,https://github.com/kubernetes/kubernetes/issues/120181,https://github.com/kubernetes/kubernetes/pull/133313
kubernetes/kubernetes,136986,136976,[Umbrella] KEP-5832 / KEP-4671: Decouple PodGroup API & Workload API Alpha2 for v1.36,Create Workload API v1alpha2,5.258582804760527,Q4 highest drift,high_drift,0.6284986555799188,potential_high_drift,https://github.com/kubernetes/kubernetes/issues/136986,https://github.com/kubernetes/kubernetes/pull/136976
rust-lang/rust,153454,154325,Tweak irrefutable let else warning output,Tweak irrefutable let else warning output,0.9132603086132632,Q4 highest drift,high_drift,0.6197114620447747,potential_high_drift,https://github.com/rust-lang/rust/issues/153454,https://github.com/rust-lang/rust/pull/154325
rust-lang/rust,155944,136977,[ICE]: `assertion failed: self.query_mode == TraitQueryMode::Canonical`,Upload Datadog metrics with citool,1.0969861213811696,Q4 highest drift,high_drift,0.5781906735534966,potential_high_drift,https://github.com/rust-lang/rust/issues/155944,https://github.com/rust-lang/rust/pull/136977
rust-lang/rust,43535,43492,Bors: 422 Update is not a fast forward,More Altivec Intrinsics,0.1440944985505275,Q3,middle,0.4367089242118202,potential_low_drift,https://github.com/rust-lang/rust/issues/43535,https://github.com/rust-lang/rust/pull/43492
rust-lang/rust,155912,136977,SECURITY: Ghost Bits Vulnerability in Rust Standard Library,Upload Datadog metrics with citool,-0.244085570379845,Q2,middle,0.40754848446462466,potential_low_drift,https://github.com/rust-lang/rust/issues/155912,https://github.com/rust-lang/rust/pull/136977
rust-lang/rust,83060,155897,Regressions with large (2-4GB) stack arrays on large stacks,Add regression test for LLVM bug with huge stack frames,-0.2130773809671998,Q2,middle,0.5017419269510968,potential_high_drift,https://github.com/rust-lang/rust/issues/83060,https://github.com/rust-lang/rust/pull/155897
rust-lang/rust,115463,119878,`opt-level=z` fails to remove bounds checks/panics even if every other opt-level succeeds,Tune the inlinability of `unwrap`,-0.6639108408215528,Q2,middle,0.5470811506032206,potential_high_drift,https://github.com/rust-lang/rust/issues/115463,https://github.com/rust-lang/rust/pull/119878
rust-lang/rust,154426,154896,[ICE]: `Scalar` layout for non-primitive non-enum type unsafe,Fix ICE: Scalar layout for non-primitive non-enum type unsafe binder,-1.770908344942696,Q1 lowest drift,low_drift,0.4726401086900201,potential_low_drift,https://github.com/rust-lang/rust/issues/154426,https://github.com/rust-lang/rust/pull/154896
rust-lang/rust,155888,112235,[ICE]: Internal compiler error. non_lifetime_binders,Port PGO/LTO/BOLT optimized build pipeline to Rust,0.7084646660972559,Q3,middle,0.4619635000490438,potential_low_drift,https://github.com/rust-lang/rust/issues/155888,https://github.com/rust-lang/rust/pull/112235
rust-lang/rust,150046,155716,"Building `arm64e-apple-*` targets got linking warning,`found architecture 'arm64e.old', required architecture 'arm64e'`",arm64e: set ptrauth ABI subtype on lib.rmeta Mach-O objects,-1.9060158291501488,Q1 lowest drift,low_drift,0.36588532139892205,potential_low_drift,https://github.com/rust-lang/rust/issues/150046,https://github.com/rust-lang/rust/pull/155716
rust-lang/rust,139218,155716,constructor doesn't work with arm64e-apple-ios but works on arm64e-apple-darwin,arm64e: set ptrauth ABI subtype on lib.rmeta Mach-O objects,-1.9060158291501488,Q1 lowest drift,low_drift,0.35474301251330376,potential_low_drift,https://github.com/rust-lang/rust/issues/139218,https://github.com/rust-lang/rust/pull/155716
rust-lang/rust,143844,155716,Can we remove these warning linker messages for apple targets.,arm64e: set ptrauth ABI subtype on lib.rmeta Mach-O objects,-1.9060158291501488,Q1 lowest drift,low_drift,0.3764486374015835,potential_low_drift,https://github.com/rust-lang/rust/issues/143844,https://github.com/rust-lang/rust/pull/155716
rust-lang/rust,130085,130435,Apple arm64e targets fail to link with newer Xcode 15,Move Apple linker args from `rustc_target` to `rustc_codegen_ssa`,-2.1869831476196917,Q1 lowest drift,low_drift,0.3812469187322038,potential_low_drift,https://github.com/rust-lang/rust/issues/130085,https://github.com/rust-lang/rust/pull/130435
rust-lang/rust,155804,155864,[ICE]: `can't get the span of an arbitrary parsed attribute`,Fix panic for doc attributes on where predicates,-1.2609193644178207,Q1 lowest drift,low_drift,0.5131166039300749,potential_high_drift,https://github.com/rust-lang/rust/issues/155804,https://github.com/rust-lang/rust/pull/155864
rust-lang/rust,150907,154616,Long delay printing errors with metadata,Add `--quiet` flag to x.py and bootstrap to suppress output,0.0724754229371987,Q3,middle,0.4741455444753281,potential_low_drift,https://github.com/rust-lang/rust/issues/150907,https://github.com/rust-lang/rust/pull/154616
rust-lang/rust,155584,155772,`const` closures can't be used in impl const,Check closure's constness validity in the constness query,0.2264250157766192,Q3,middle,0.5545719286166029,potential_high_drift,https://github.com/rust-lang/rust/issues/155584,https://github.com/rust-lang/rust/pull/155772
rust-lang/rust,74551,77423,error: could not compile `gkrust` since Rust 1.43 on SPARC Solaris,Add `-Zprecise-enum-drop-elaboration`,0.2104486188318401,Q3,middle,0.49318800176586675,potential_low_drift,https://github.com/rust-lang/rust/issues/74551,https://github.com/rust-lang/rust/pull/77423
rust-lang/rust,153772,155653,Support `__mulsi3` for m68k,compiler-builtins subtree update,2.574042757914622,Q4 highest drift,high_drift,0.5175660505425955,potential_high_drift,https://github.com/rust-lang/rust/issues/153772,https://github.com/rust-lang/rust/pull/155653
rust-lang/rust,155798,111818,"cargo miri setup panics with ""cargo out dir must not contain directories"" when run inside Arch Linux proot inside Termux",Uplift `clippy::cmp_nan` lint,1.053891623630394,Q4 highest drift,high_drift,0.4750330165443001,potential_low_drift,https://github.com/rust-lang/rust/issues/155798,https://github.com/rust-lang/rust/pull/111818
rust-lang/rust,154998,155579,`MarkerEq` doesn't specialize on unsized types,Make Rcs and Arcs use pointer comparison for unsized types,-0.2527573334231673,Q2,middle,0.4477409979484415,potential_low_drift,https://github.com/rust-lang/rust/issues/154998,https://github.com/rust-lang/rust/pull/155579
rust-lang/rust,155670,155770,Type mismatch helper not check is closure return block,Avoid misleading closure return type note,-0.5541778117758296,Q2,middle,0.5627283982118901,potential_high_drift,https://github.com/rust-lang/rust/issues/155670,https://github.com/rust-lang/rust/pull/155770
rust-lang/rust,148514,147936,amdgcn-amd-amdhsa target broken? Fails to build core,Offload intrinsic,0.9631221911165422,Q4 highest drift,high_drift,0.49676315354182654,potential_low_drift,https://github.com/rust-lang/rust/issues/148514,https://github.com/rust-lang/rust/pull/147936
rust-lang/rust,155799,155820,[ICE]: `assertion failed: bpos.to_u32() >= mbc.pos.to_u32() + mbc.bytes as u32`,Avoid improper spans when `...` or `..=` is recovered from non-ASCII,0.2034373341125298,Q3,middle,0.469109267661357,potential_low_drift,https://github.com/rust-lang/rust/issues/155799,https://github.com/rust-lang/rust/pull/155820
rust-lang/rust,155365,155719,"E0599 suggests ""call `.into_iter()` first"" on non-mutable reference",Suggest `.iter()` for shared projections,-0.021318718800952,Q3,middle,0.585701727338024,potential_high_drift,https://github.com/rust-lang/rust/issues/155365,https://github.com/rust-lang/rust/pull/155719
rust-lang/rust,155748,155774,Memory unsafety at libc/kernel boundary via argv overread in unix impl of `std::process::Command`,std: maintain `CStringArray` null-termination even if `Vec::push` panics,-3.7857729980141848,Q1 lowest drift,low_drift,0.3605494663033898,potential_low_drift,https://github.com/rust-lang/rust/issues/155748,https://github.com/rust-lang/rust/pull/155774
rust-lang/rust,146839,111818,ICE：can't get the span of an arbitrary parsed attribute: Parsed(Coroutine(<source>:28:32: 28:44 (#0))),Uplift `clippy::cmp_nan` lint,1.053891623630394,Q4 highest drift,high_drift,0.5903857768072588,potential_high_drift,https://github.com/rust-lang/rust/issues/146839,https://github.com/rust-lang/rust/pull/111818
rust-lang/rust,154801,154803,[ICE]: `can't get span of parsed attr`,Fix ICE from cfg_attr_trace ,-0.7773901995696431,Q2,middle,0.5640938129204718,potential_high_drift,https://github.com/rust-lang/rust/issues/154801,https://github.com/rust-lang/rust/pull/154803
rust-lang/rust,155618,155676,`const Drop` can be implemented for structs with non-const-Drop fields, Reject implementing const Drop for types that are not const `Destruct` already,0.3219963830444325,Q3,middle,0.5476151038934117,potential_high_drift,https://github.com/rust-lang/rust/issues/155618,https://github.com/rust-lang/rust/pull/155676
rust-lang/rust,150566,155783,`#[<cfg_trace>]` and `#[<cfg_attr_trace>]` showing up as suggestions,Do not suggest internal cfg trace attributes,-1.8952495035368444,Q1 lowest drift,low_drift,0.5911917759016875,potential_high_drift,https://github.com/rust-lang/rust/issues/150566,https://github.com/rust-lang/rust/pull/155783
rust-lang/rust,143094,154803,ICE: `can't get the span of an arbitrary parsed attribute: Parsed(Cold `,Fix ICE from cfg_attr_trace ,-0.7773901995696431,Q2,middle,0.497448179875048,potential_low_drift,https://github.com/rust-lang/rust/issues/143094,https://github.com/rust-lang/rust/pull/154803
rust-lang/rust,35,65646,propagate constraints during copying,Allow foreign exceptions to unwind through Rust code and Rust panics to unwind through FFI,0.8921529325591475,Q4 highest drift,high_drift,0.5691952713327548,potential_high_drift,https://github.com/rust-lang/rust/issues/35,https://github.com/rust-lang/rust/pull/65646
rust-lang/rust,155000,108253,[ICE]: const Closures don't work with const Destruct,Upgrade to ena-0.14.1.,-0.3122155495103117,Q2,middle,0.5878243781424904,potential_high_drift,https://github.com/rust-lang/rust/issues/155000,https://github.com/rust-lang/rust/pull/108253
rust-lang/rust,155505,155643,"Macro ""missing fragment specifier"" when accidentally prefixed with $",Improve suggestion for $-prefixed fragment specifiers,-0.3503062825203594,Q2,middle,0.5366402168631462,potential_high_drift,https://github.com/rust-lang/rust/issues/155505,https://github.com/rust-lang/rust/pull/155643
rust-lang/rust,153886,154197,Redundant clone suggestion in move error,Avoid redundant clone suggestions in borrowck diagnostics,2.634952517630274,Q4 highest drift,high_drift,0.5650677967696192,potential_high_drift,https://github.com/rust-lang/rust/issues/153886,https://github.com/rust-lang/rust/pull/154197
rust-lang/rust,155695,155735,Typo in `std::convert` module docs,Fix typo by removing extra 'to',0.6615408328685095,Q3,middle,0.5411873135974459,potential_high_drift,https://github.com/rust-lang/rust/issues/155695,https://github.com/rust-lang/rust/pull/155735
rust-lang/rust,155088,155219,"Wrong ""consider borrowing here"" suggestion with `impl IntoIterator<Item = impl Borrow<str>>`",Do not suggest borrowing enclosing calls for nested where-clause obligations,-0.7928664532714638,Q2,middle,0.5177871182211421,potential_high_drift,https://github.com/rust-lang/rust/issues/155088,https://github.com/rust-lang/rust/pull/155219
rust-lang/rust,155376,155379,-Zmir-opt-level >= 3 errors with recursive async,Avoid query cycles in DataflowConstProp,-0.7837144650484267,Q2,middle,0.5963114554828426,potential_high_drift,https://github.com/rust-lang/rust/issues/155376,https://github.com/rust-lang/rust/pull/155379
rust-lang/rust,153891,154957,[ICE]: `mir_const_qualif` should only be called on const fns and const items,Fix ICE when const closure appears inside a non-const trait method,-1.4948867993588455,Q1 lowest drift,low_drift,0.5907750470607704,potential_high_drift,https://github.com/rust-lang/rust/issues/153891,https://github.com/rust-lang/rust/pull/154957
rust-lang/rust,155578,155637,"Invalid Suggestion in ""specify the associated type"" help",Fix E0191 suggestion for empty dyn trait args,-0.4346608543055033,Q2,middle,0.6374210567534844,potential_high_drift,https://github.com/rust-lang/rust/issues/155578,https://github.com/rust-lang/rust/pull/155637
rust-lang/rust,133469,120639,test issue,Implement new effects desugaring,2.879909224898745,Q4 highest drift,high_drift,0.6198034335326459,potential_high_drift,https://github.com/rust-lang/rust/issues/133469,https://github.com/rust-lang/rust/pull/120639
rust-lang/rust,152831,152834,Incorrect diagnostic for if-let-guard + attempting to use a non-constant value in a constant,Fix incorrect `let` to `const` suggestion for pattern bindings,0.6282133871940513,Q3,middle,0.5513654701770958,potential_high_drift,https://github.com/rust-lang/rust/issues/152831,https://github.com/rust-lang/rust/pull/152834
rust-lang/rust,155366,155546,E0308 mismatched type on trait impl with different concrete types,Improve E0308 error message for `impl Trait` return mismatches,-0.0854746880624216,Q3,middle,0.5559661062308558,potential_high_drift,https://github.com/rust-lang/rust/issues/155366,https://github.com/rust-lang/rust/pull/155546
rails/rails,57235,57227,Reassigning table_name on a model causes find/first/where.to_a to get progressively slower — O(N²) cost (7.1 - 8.1+),Fix duplicate entries accumulating in `aliases_by_attribute_name`,-1.201079533792054,Q1 lowest drift,low_drift,0.34492588465925333,potential_low_drift,https://github.com/rails/rails/issues/57235,https://github.com/rails/rails/pull/57227
rails/rails,56528,56718,Route Constraints passed via `mount` function override wrapping constraints with no Warning and behavior is not documented,Fix innermost constraint reseting previous constraints,0.0287067579770329,Q3,middle,0.4114988807907942,potential_low_drift,https://github.com/rails/rails/issues/56528,https://github.com/rails/rails/pull/56718
rails/rails,57237,57238,Dockerfile: duplicated libvips install,Remove redundant libvips from Dockerfile build packages,-2.626606501531348,Q1 lowest drift,low_drift,0.29693267043125643,potential_low_drift,https://github.com/rails/rails/issues/57237,https://github.com/rails/rails/pull/57238
rails/rails,57193,57194,Update documentation for `ActiveSupport::TimeZone#parse` to reflect that it returns `nil` for invalid strings,Clarify TimeZone#parse docs for invalid strings,0.6615408328685095,Q3,middle,0.4028788618599701,potential_low_drift,https://github.com/rails/rails/issues/57193,https://github.com/rails/rails/pull/57194
rails/rails,57185,57187,`reset_counters` silently sets counter to 0 when `id` is a String,Fix `reset_counters` when using string ids,-0.3575183948770861,Q2,middle,0.31922047828676337,potential_low_drift,https://github.com/rails/rails/issues/57185,https://github.com/rails/rails/pull/57187
rails/rails,56122,57187,Resetting counter_cache using string ids sets them to 0 incorrectly,Fix `reset_counters` when using string ids,-0.3575183948770861,Q2,middle,0.40093763124620113,potential_low_drift,https://github.com/rails/rails/issues/56122,https://github.com/rails/rails/pull/57187
rails/rails,57186,57190,IO.copy_stream raises TypeError when writing to ActionController::Live::Buffer,Fix io copy stream raises type error when writing,-1.457172879431632,Q1 lowest drift,low_drift,0.321569182758126,potential_low_drift,https://github.com/rails/rails/issues/57186,https://github.com/rails/rails/pull/57190
rails/rails,57131,57140,GET request with params keyword in IntegrationTest incorrectly routes as POST in Rails 8.1.3,Fix GET+JSON+params in integration tests for API-only apps,-2.2466584939713528,Q1 lowest drift,low_drift,0.3313736194624071,potential_low_drift,https://github.com/rails/rails/issues/57131,https://github.com/rails/rails/pull/57140
rails/rails,55728,55736,7.1 -> 7.2 perf regression due to non permanent ActiveRecord connections,Micro-optimize Active Record connection checkin,0.753540518448194,Q3,middle,0.42977147473168087,potential_low_drift,https://github.com/rails/rails/issues/55728,https://github.com/rails/rails/pull/55736
rails/rails,57092,57105,"Regexp in `ActiveRecord::LogSubscriber` times out on extremely long queries, preventing them from being logged",Speedup ActiveRecord::LogSubscriber#sql_color,-0.4448634253381066,Q2,middle,0.3963436902806175,potential_low_drift,https://github.com/rails/rails/issues/57092,https://github.com/rails/rails/pull/57105
rails/rails,56662,56664,ActiveRecord::Associations::Association#inversable? does not work with composite keys,Fix inverse_of on composite keys in ActiveRecord::Associations::Association#inversable? ,1.3766810468627753,Q4 highest drift,high_drift,0.42152077410643785,potential_low_drift,https://github.com/rails/rails/issues/56662,https://github.com/rails/rails/pull/56664
rails/rails,57098,57106,ActiveStorage 8.1.3: NameError uninitialized constant ActiveStorage::OpenSSL,Add missing require openssl to ActiveStorage,-1.4410193024121023,Q1 lowest drift,low_drift,0.3213262387843683,potential_low_drift,https://github.com/rails/rails/issues/57098,https://github.com/rails/rails/pull/57106
rails/rails,57093,57096,`create_table` raises ArgumentError for valid table names when schema-prefixed (PostgreSQL multiple schemas),Ignore schemas when validating table name lengths for PostgreSQL,-2.1849622507467155,Q1 lowest drift,low_drift,0.3085882090107986,potential_low_drift,https://github.com/rails/rails/issues/57093,https://github.com/rails/rails/pull/57096
rails/rails,57052,57053,Parallelization::Server#shutdown hangs when workers die after initial WNOHANG sweep (#55794 gap),Fix parallel test shutdown hang when workers die during Server#shutdown,-0.5508764902643855,Q2,middle,0.42131723829468526,potential_low_drift,https://github.com/rails/rails/issues/57052,https://github.com/rails/rails/pull/57053
rails/rails,55761,57050,`validates` per-validator options replace top-level options,Combine per-validator and top-level :if/:unless/:on in validates,-1.632782973807795,Q1 lowest drift,low_drift,0.2834284915138374,potential_low_drift,https://github.com/rails/rails/issues/55761,https://github.com/rails/rails/pull/57050
rails/rails,56812,57001,PostgresqlDbConsoleTest reports Environment leak detected,Fix PostgresqlDbConsoleTest reports Environment leak detected,0.416560693774911,Q3,middle,0.2842546554972348,potential_low_drift,https://github.com/rails/rails/issues/56812,https://github.com/rails/rails/pull/57001
rails/rails,56388,56423,jemalloc still recommended?,Fix link to jemalloc repo [ci skip] ,-0.6795308588925055,Q2,middle,0.4786955252455515,potential_low_drift,https://github.com/rails/rails/issues/56388,https://github.com/rails/rails/pull/56423
rails/rails,56984,56987,ActiveModel::Name#human no longer honors count argument,Add tests for ActiveModel::Name#human `count` argument,-0.9481451218503868,Q1 lowest drift,low_drift,0.40886931695751566,potential_low_drift,https://github.com/rails/rails/issues/56984,https://github.com/rails/rails/pull/56987
rails/rails,56976,56977,SQLite virtual tables do not respect `ignore_tables`,Fix SQLite virtual tables not ignored by `ignore_tables`,-0.2558415246700946,Q2,middle,0.28678210355945677,potential_low_drift,https://github.com/rails/rails/issues/56976,https://github.com/rails/rails/pull/56977
rails/rails,56969,56970,SQLite virtual tables without parenthesis produces broken `schema.rb`,Fix parsing SQLite virtual tables without parenthesis,-3.543988859069952,Q1 lowest drift,low_drift,0.29206962493399646,potential_low_drift,https://github.com/rails/rails/issues/56969,https://github.com/rails/rails/pull/56970
rails/rails,56960,56983,Undocumented behavior change in `ActionController::Parameters#transform_keys!` (Rails 7.2 vs 8.0.3),[ci skip] Update CHANGELOG with transform_keys! overwrite precedence note,-0.2430307031710071,Q2,middle,0.35682789825935823,potential_low_drift,https://github.com/rails/rails/issues/56960,https://github.com/rails/rails/pull/56983
rails/rails,56957,17077,Taste match with me on YouTube Music!,Move object allocation out of loop ,-1.0045191466906038,Q1 lowest drift,low_drift,0.42574586223302757,potential_low_drift,https://github.com/rails/rails/issues/56957,https://github.com/rails/rails/pull/17077
